题目,Flag,一血获得者,组别,提交时间
X…什么？,/,广告位招租,,2024-02-10 20:47:59
Uncrackable,/,Sky233,,2024-02-13 16:51:58
非常好忽悠混合,/,test,,2024-02-09 22:59:44
非常好忽悠混合,你咋知道?,Yoav,,2024-02-09 18:37:07
非常好忽悠混合,我没看见,墨伊,,2024-02-09 18:22:07
心中无码，自然高清,/,lacrimosa,,2024-02-09 22:26:06
bepbep,/,ᕕ(◠ڼ◠)ᕗ,,2024-02-13 18:18:02
bepbep,嘀嘀嘟嘟的码,ᕕ(◠ڼ◠)ᕗ,,2024-02-13 18:18:02
bepbep,眼前一黑的码,ᕕ(◠ڼ◠)ᕗ,,2024-02-13 18:12:23
我朝，大盒,/,hujiayucc,,2024-02-13 17:58:28
我朝，大盒,我朝，大盒,Yoav,,2024-02-13 17:24:50
我朝，大盒,真人快打,hujiayucc,,2024-02-13 17:58:28
躺平问答,/,Dawn-JuicyMio,,2024-02-09 17:38:13
躺平问答,一半的问题,MengXiqwq,,2024-02-09 17:10:35
躺平问答,所有的问题,Dawn-JuicyMio,,2024-02-09 17:38:13
躺平论坛,/,Delay_no_more,,2024-02-10 09:55:20
躺平论坛,看不见的flag,黑小虎,,2024-02-09 17:02:06
躺平论坛,找不到的flag,Delay_no_more,,2024-02-10 09:55:20
躺平聊天室2.0,/,Sky233,,2024-02-13 17:18:03
躺平聊天室2.0,眼前一糊,ᕕ(◠ڼ◠)ᕗ,,2024-02-13 17:03:10
躺平聊天室2.0,眼前一黑,hujiayucc,,2024-02-13 17:07:23
躺平聊天室2.0,眼前一亮,Sky233,,2024-02-13 17:18:03
主唱太拼命了,/,rota,,2024-02-13 18:19:53
HIT! 准入认证!,/,WZTong,,2024-02-10 02:46:38
HIT! 准入认证!,说走就走的旅行,S0rry,,2024-02-09 17:13:59
HIT! 准入认证!,太美丽了某校,WZTong,,2024-02-10 02:46:38
[投稿]CrackMe,/,WZTong,,2024-02-14 17:35:52
